Filename,Cell_count,Minimum,Maximum,Lower_Quartile_(Q1),Upper_Quartile_(Q3),Median_RPM,Median_ploidy
HCT116_DKO1_scRepli-Seq_G1_per_Cell_summary_metrics.csv,83,206.0457908847649,1747.5111611296536,650.1559479016405,1217.3469950860174,906.9832470519694,1.9606246730675125
HCT116_DKO1_scRepli-Seq_S_per_Cell_summary_metrics.csv,585,411.8467845072678,4525.781994557268,1531.8635538191534,2518.4473582617957,1988.3285250445047,1.9630792138681377
HCT116_WT_scRepli-Seq_G1_per_Cell_summary_metrics.csv,66,650.7038274886079,2619.8180340868607,1058.6697982548567,1806.2285044527805,1380.54,1.9817
HCT116_WT_scRepli-Seq_S_per_Cell_summary_metrics.csv,647,285.9487829883383,2441.2452311906663,903.9585761170625,1433.271132637221,1163.909630808452,1.8305775629515535
